{"loss": [0.009701472707092762, 0.005689452402293682, 0.003706129966303706, 0.0028291791677474976, 0.002336375182494521, 0.002033343305811286, 0.0018827978055924177, 0.0016567363636568189, 0.001474552322179079, 0.0013666152954101562, 0.0012873964151367545, 0.001221145037561655, 0.0011605198960751295, 0.0011063735000789165, 0.0010620028479024768, 0.0010372204706072807, 0.0009962692856788635, 0.0009707676363177598, 0.0009421576396562159, 0.0009538690210320055, 0.0008989694761112332, 0.0008735319715924561, 0.0008718131575733423, 0.0008385555120185018, 0.0008297892636619508, 0.0008511681808158755, 0.0007954459870234132, 0.0007942114025354385, 0.0007749563665129244, 0.0007645315490663052], "accuracy": [0.5126903653144836, 0.5839260220527649, 0.6120970249176025, 0.6530942320823669, 0.6588094234466553, 0.6530407667160034, 0.6471601128578186, 0.6848449110984802, 0.691565990447998, 0.6945118308067322, 0.6954901814460754, 0.6964465379714966, 0.6963697671890259, 0.6975528001785278, 0.6966795921325684, 0.697898805141449, 0.6997058987617493, 0.7010786533355713, 0.7016028165817261, 0.7009688019752502, 0.7033565044403076, 0.7034986615180969, 0.7049738764762878, 0.7046218514442444, 0.7060084939002991, 0.7038148641586304, 0.7029793858528137, 0.7073252201080322, 0.7098936438560486, 0.7086277008056641], "val_loss": [0.023247184231877327, 0.00472336495295167, 0.0048910267651081085, 0.002652775263413787, 0.002429996384307742, 0.002132548252120614, 0.001444064429961145, 0.0019159968942403793, 0.0017106608720496297, 0.0018181658815592527, 0.0016117638442665339, 0.0016163907712325454, 0.0016824280610308051, 0.0015140768373385072, 0.0015620221383869648, 0.0014854174805805087, 0.0014217061689123511, 0.001634410466067493, 0.0013165610143914819, 0.001253475435078144, 0.0014108000323176384, 0.001224082545377314, 0.0011000249069184065, 0.0010942366207018495, 0.0014140113489702344, 0.0010975380428135395, 0.0013550183502957225, 0.001038008602336049, 0.000996196293272078, 0.0010476716561242938], "val_accuracy": [0.5791543126106262, 0.6176466941833496, 0.6184273958206177, 0.6650359630584717, 0.5975577235221863, 0.6457552909851074, 0.5860701203346252, 0.7103312015533447, 0.7134436964988708, 0.7506398558616638, 0.752687394618988, 0.7268863320350647, 0.7914956212043762, 0.7627937197685242, 0.7161942720413208, 0.7493681907653809, 0.7354680299758911, 0.7197819948196411, 0.7136251330375671, 0.6642585396766663, 0.6780151128768921, 0.7421841025352478, 0.6842130422592163, 0.7212121486663818, 0.7131370306015015, 0.636735737323761, 0.7017855048179626, 0.7331593036651611, 0.701812207698822, 0.6589812636375427]}