{"loss": [0.00845803041011095, 0.004206713754683733, 0.00334758497774601, 0.0028120768256485462, 0.0025505637750029564, 0.002337523503229022, 0.0021198729518800974, 0.0020331719424575567, 0.0018859982956200838, 0.0017456847708672285, 0.0016682810382917523, 0.001597891328856349, 0.0015412147622555494, 0.0015663664089515805, 0.0014374898746609688, 0.0013910675188526511, 0.001365574891678989, 0.0013219001702964306, 0.0013470806879922748, 0.00126547715626657, 0.0012394320219755173, 0.0012187273241579533, 0.0011921508703380823, 0.0011661683674901724, 0.0011470912722870708, 0.0011358059709891677, 0.0011281137121841311, 0.001116065657697618, 0.0010870554251596332, 0.0010815480491146445], "accuracy": [0.5533027052879333, 0.6643515825271606, 0.6668088436126709, 0.6709567308425903, 0.6768369078636169, 0.679670512676239, 0.6829637885093689, 0.6858358383178711, 0.6871616244316101, 0.6911571621894836, 0.6919056177139282, 0.6928766369819641, 0.6933709383010864, 0.6924155950546265, 0.6944672465324402, 0.6951135396957397, 0.6947947144508362, 0.6938326358795166, 0.6925289034843445, 0.6932446360588074, 0.6916760206222534, 0.6907782554626465, 0.6900893449783325, 0.6896434426307678, 0.6901018619537354, 0.6875174045562744, 0.688441276550293, 0.6873746514320374, 0.6867860555648804, 0.6854811310768127], "val_loss": [0.004577329382300377, 0.00317067326977849, 0.0024680288042873144, 0.0021687853150069714, 0.002084620064124465, 0.0021330933086574078, 0.0018836796516552567, 0.0017907093279063702, 0.0024416998494416475, 0.0023466586135327816, 0.004775037057697773, 0.010505657643079758, 0.001490545691922307, 0.0013677055248990655, 0.0014275829307734966, 0.001311920932494104, 0.0011983868898823857, 0.001233937800861895, 0.0011673788540065289, 0.001225252402946353, 0.001237674499861896, 0.001747991656884551, 0.0012724444968625903, 0.0012180982157588005, 0.0012269935104995966, 0.0012241452932357788, 0.006608186289668083, 0.0012914579128846526, 0.001212686998769641, 0.0012199326884001493], "val_accuracy": [0.7278372645378113, 0.8169326186180115, 0.8195306658744812, 0.8208332657814026, 0.8443594574928284, 0.8266701698303223, 0.8319862484931946, 0.8492575883865356, 0.8432838916778564, 0.8503441214561462, 0.5670074820518494, 0.5968915224075317, 0.8526337146759033, 0.850936233997345, 0.8494418263435364, 0.8583729863166809, 0.8596744537353516, 0.8552293181419373, 0.8641936779022217, 0.8698173761367798, 0.8683831095695496, 0.8256881237030029, 0.8704161047935486, 0.8655669093132019, 0.8616964817047119, 0.8750144243240356, 0.8020620942115784, 0.8666528463363647, 0.8669118285179138, 0.8596000671386719]}