{"loss": [0.009636497125029564, 0.004187949933111668, 0.0030626130755990744, 0.002496267668902874, 0.0021191902924329042, 0.0018806603038683534, 0.0016694111982360482, 0.0015260061481967568, 0.0013986732810735703, 0.0013010550756007433, 0.0012494656257331371, 0.0011548036709427834, 0.0011145673925057054, 0.0010817766888067126, 0.0010313050588592887, 0.0009849993512034416, 0.0009565680520609021, 0.0009268147405236959, 0.0008848204743117094, 0.0009386969613842666, 0.0008405963308177888, 0.000863816065248102, 0.0007769162184558809, 0.0007675154483877122, 0.0007417619344778359, 0.0007249421323649585, 0.0007073670858517289, 0.0006890930235385895, 0.0006802877178415656, 0.0006651394069194794], "accuracy": [0.54738450050354, 0.6526875495910645, 0.6881963014602661, 0.6969157457351685, 0.6974225640296936, 0.6942070126533508, 0.697140634059906, 0.6983976364135742, 0.6995102763175964, 0.7007372379302979, 0.7004570364952087, 0.7050108909606934, 0.7070122957229614, 0.7070672512054443, 0.7082912921905518, 0.7083918452262878, 0.7078638672828674, 0.710387647151947, 0.7140358090400696, 0.7099515199661255, 0.7131017446517944, 0.7054541707038879, 0.7092736959457397, 0.7092950940132141, 0.710784375667572, 0.7122640013694763, 0.7107623219490051, 0.7111877799034119, 0.7121666073799133, 0.7124572396278381], "val_loss": [0.013299141079187393, 0.0035731205716729164, 0.0024078981950879097, 0.0020009332802146673, 0.005799083039164543, 0.0018490904476493597, 0.0015664154198020697, 0.0015259144129231572, 0.0013464920921251178, 0.0011964234290644526, 0.0013075965689495206, 0.0010209098691120744, 0.001018222188577056, 0.001199993770569563, 0.0011128010228276253, 0.0011604526080191135, 0.0012878134148195386, 0.001003280864097178, 0.0010055546881631017, 0.0008585510076954961, 0.0008112514042295516, 0.0007401803741231561, 0.0007880148477852345, 0.0007563786348327994, 0.000750499835703522, 0.0008540920098312199, 0.0006999843753874302, 0.0007022380013950169, 0.0006743859266862273, 0.0006382819847203791], "val_accuracy": [0.5953913927078247, 0.6842522621154785, 0.6169543862342834, 0.6512882113456726, 0.5828328728675842, 0.693812906742096, 0.7139182686805725, 0.686469554901123, 0.7823783159255981, 0.7828351855278015, 0.7770268321037292, 0.7262969613075256, 0.7111434936523438, 0.7369185090065002, 0.7393984198570251, 0.7769060730934143, 0.6846966743469238, 0.8018776178359985, 0.7988354563713074, 0.7007981538772583, 0.7456684112548828, 0.7172394394874573, 0.7209099531173706, 0.7188625931739807, 0.6985958814620972, 0.7478635907173157, 0.7020189166069031, 0.7065197825431824, 0.7075062990188599, 0.7458524703979492]}