{"loss": [0.007752914447337389, 0.0038469601422548294, 0.0029704151675105095, 0.002517544897273183, 0.0022903892677277327, 0.0020076832734048367, 0.0018383254064247012, 0.0016976931365206838, 0.0015874148812144995, 0.0014985293382778764, 0.0014314670115709305, 0.0013795762788504362, 0.0013089128769934177, 0.0012683796230703592, 0.0012274070177227259, 0.0011982910800725222, 0.0011702635092660785, 0.0011438756482675672, 0.0011253798147663474, 0.0010988605208694935, 0.0010802566539496183, 0.0010641468688845634, 0.0010484380181878805, 0.0010344615438953042, 0.0010276887333020568, 0.0010122007224708796, 0.0009942714823409915, 0.0009803669527173042, 0.0009758021333254874, 0.0009550830582156777], "accuracy": [0.5941300392150879, 0.6858215928077698, 0.6903650760650635, 0.696317195892334, 0.7024117112159729, 0.7094112634658813, 0.7113886475563049, 0.7110071778297424, 0.7104278802871704, 0.7082874178886414, 0.7079675197601318, 0.7074042558670044, 0.707165002822876, 0.7055506706237793, 0.7052523493766785, 0.7039523720741272, 0.702867329120636, 0.7021704912185669, 0.7022838592529297, 0.7030486464500427, 0.7027769088745117, 0.7034164667129517, 0.7026407718658447, 0.7025543451309204, 0.7022955417633057, 0.703462541103363, 0.7012185454368591, 0.7013840079307556, 0.7014940977096558, 0.7017827033996582], "val_loss": [0.0066952877677977085, 0.0030400368850678205, 0.003297356190159917, 0.0033591485116630793, 0.002622209722176194, 0.002168409526348114, 0.0018908267375081778, 0.0018868751358240843, 0.0015090549131855369, 0.0014028209261596203, 0.0012843648437410593, 0.0013075713068246841, 0.0013413302367553115, 0.0012253732420504093, 0.0012152167037129402, 0.0012336487416177988, 0.0013040169142186642, 0.0012772266054525971, 0.0011835708282887936, 0.0011640931479632854, 0.0011844190303236246, 0.0012509141815826297, 0.0012599307810887694, 0.0012988555245101452, 0.001962465001270175, 0.0010606893338263035, 0.001208038069307804, 0.0011268226662650704, 0.001056636800058186, 0.0010113791795447469], "val_accuracy": [0.7496928572654724, 0.789630115032196, 0.8321095108985901, 0.8029829859733582, 0.848052978515625, 0.846653401851654, 0.7610312700271606, 0.6936244368553162, 0.7350813746452332, 0.6880179047584534, 0.6784715056419373, 0.664445698261261, 0.6707716584205627, 0.6505750417709351, 0.6448009610176086, 0.6603314876556396, 0.7220566868782043, 0.6266622543334961, 0.6323820948600769, 0.6742480993270874, 0.6814493536949158, 0.7411409616470337, 0.6809112429618835, 0.7453239560127258, 0.7732817530632019, 0.7108349204063416, 0.6730161905288696, 0.7182182669639587, 0.7067253589630127, 0.7085520029067993]}