{"loss": [0.00884062796831131, 0.004199629183858633, 0.0032691110391169786, 0.0027739964425563812, 0.002432584995403886, 0.0022035602014511824, 0.0020146158058196306, 0.001862267148680985, 0.001755738747306168, 0.001690100645646453, 0.001587800681591034, 0.0015160953626036644, 0.0014426991110667586, 0.0014053011545911431, 0.001365568838082254, 0.0013218969106674194, 0.001291186548769474, 0.0012534302659332752, 0.0012316626962274313, 0.0012043247697874904, 0.0011931844055652618, 0.0011557150864973664, 0.0011349701089784503, 0.0011166289914399385, 0.0011095193913206458, 0.0010898368200287223, 0.0010704491287469864, 0.0010673782089725137, 0.001046829973347485, 0.0010365472408011556], "accuracy": [0.5442860722541809, 0.6478036046028137, 0.6657032370567322, 0.6754935383796692, 0.6814530491828918, 0.6813598871231079, 0.678029477596283, 0.6813806295394897, 0.6844805479049683, 0.685792863368988, 0.6905131340026855, 0.6947219371795654, 0.6968587636947632, 0.6958250403404236, 0.6952030658721924, 0.6949487924575806, 0.6942426562309265, 0.6922483444213867, 0.690739095211029, 0.6888365745544434, 0.6886202692985535, 0.6891119480133057, 0.6889030337333679, 0.6879891157150269, 0.686974287033081, 0.6862801313400269, 0.6861230134963989, 0.6848616600036621, 0.6845444440841675, 0.6842508316040039], "val_loss": [0.005667584016919136, 0.0037198371719568968, 0.0033436170779168606, 0.002683002268895507, 0.0023531196638941765, 0.002034623408690095, 0.001689515425823629, 0.001604165998287499, 0.001450059819035232, 0.0014640107983723283, 0.0014833490131422877, 0.001428544637747109, 0.001405038870871067, 0.0013430503895506263, 0.0012535961577668786, 0.0012019906425848603, 0.001163311186246574, 0.0011650680098682642, 0.001113411970436573, 0.0010753277456387877, 0.0010456611635163426, 0.0010233736829832196, 0.001069927355274558, 0.0010121543891727924, 0.0010354400146752596, 0.000996724353171885, 0.0009785438887774944, 0.0010257913963869214, 0.0009787584422156215, 0.0009492390672676265], "val_accuracy": [0.5683217644691467, 0.7104021906852722, 0.7534074783325195, 0.8022531270980835, 0.8065804243087769, 0.7386963367462158, 0.7761133909225464, 0.719929575920105, 0.7285174131393433, 0.7590146064758301, 0.7527139782905579, 0.7811318635940552, 0.755964994430542, 0.6833481788635254, 0.705702006816864, 0.6847962141036987, 0.6721413731575012, 0.7136043310165405, 0.7302840948104858, 0.7587530016899109, 0.7122370600700378, 0.7116884589195251, 0.7261762619018555, 0.6957917809486389, 0.721030056476593, 0.6898889541625977, 0.661025881767273, 0.7241358757019043, 0.6692532896995544, 0.665321946144104]}