{"loss": [0.011949745938181877, 0.006265252362936735, 0.004787994548678398, 0.004004758782684803, 0.003550389315932989, 0.003220042446628213, 0.0029608341865241528, 0.0027625367511063814, 0.002586563117802143, 0.0024412362836301327, 0.002323617460206151, 0.0022299073170870543, 0.002151648048311472, 0.002071789000183344, 0.002021237276494503, 0.0019630976021289825, 0.0019069011323153973, 0.0018554239068180323, 0.0018228758126497269, 0.0017773241270333529, 0.0017421197844669223, 0.001707108924165368, 0.0016865415964275599, 0.0016548193525522947, 0.0016222542617470026, 0.0015989739913493395, 0.0015773276099935174, 0.0015567534137517214, 0.0015333073679357767, 0.0015247475821524858], "accuracy": [0.5701193809509277, 0.6358395218849182, 0.6496016383171082, 0.6724066734313965, 0.6756523847579956, 0.6810025572776794, 0.6816132664680481, 0.6804568767547607, 0.6811982989311218, 0.6847200393676758, 0.6865053772926331, 0.6883051991462708, 0.6893380284309387, 0.690768837928772, 0.6926151514053345, 0.6936081051826477, 0.6956621408462524, 0.6968616843223572, 0.6981402635574341, 0.6987436413764954, 0.7001268863677979, 0.700238823890686, 0.7021728754043579, 0.7039220929145813, 0.7036083340644836, 0.7049065828323364, 0.7073233127593994, 0.70760178565979, 0.70694899559021, 0.7088865041732788], "val_loss": [0.01074709091335535, 0.006290753372013569, 0.005328689236193895, 0.003899334231391549, 0.003436693688854575, 0.0030092126689851284, 0.0027189033571630716, 0.0026011501904577017, 0.0025419113226234913, 0.002309034811332822, 0.002344051841646433, 0.0020748476963490248, 0.0020364848896861076, 0.001964313443750143, 0.001974162645637989, 0.0019342449959367514, 0.0018979227170348167, 0.0018378383247181773, 0.0019630324095487595, 0.0019211339531466365, 0.0017210766673088074, 0.0020303798373788595, 0.0017985855229198933, 0.0016802182653918862, 0.0016928722616285086, 0.0016265750164166093, 0.0016069327248260379, 0.0015602208441123366, 0.0015370392939075828, 0.0015095762209966779], "val_accuracy": [0.576993465423584, 0.7505061030387878, 0.7884331941604614, 0.7962329983711243, 0.8233183026313782, 0.8307728171348572, 0.8448113799095154, 0.834915041923523, 0.8234431743621826, 0.7702540755271912, 0.7681692838668823, 0.7382493615150452, 0.7361941337585449, 0.7205151915550232, 0.7851786613464355, 0.8052391409873962, 0.7636570930480957, 0.7798269391059875, 0.8135812282562256, 0.7312293648719788, 0.7498900294303894, 0.7979639768600464, 0.6403287649154663, 0.7710010409355164, 0.7562625408172607, 0.7567830681800842, 0.7297099232673645, 0.7405579686164856, 0.8270820379257202, 0.8052574992179871]}