{"loss": [0.013408488593995571, 0.007333706133067608, 0.005558580160140991, 0.004795684479176998, 0.004340599291026592, 0.003995520528405905, 0.003729581832885742, 0.003515176475048065, 0.0033393285702914, 0.0031919132452458143, 0.00307840621098876, 0.002974345348775387, 0.002883348148316145, 0.0028041077312082052, 0.0027362953405827284, 0.002665448933839798, 0.002603024011477828, 0.002547249896451831, 0.0024956173729151487, 0.002442355267703533, 0.0023947148583829403, 0.0023490060120821, 0.0023124238941818476, 0.002273385878652334, 0.002242705784738064, 0.002209025202319026, 0.0021834794897586107, 0.002150353044271469, 0.0021252925507724285, 0.002104558516293764], "accuracy": [0.5471504926681519, 0.615676760673523, 0.6241231560707092, 0.6340904235839844, 0.6457902193069458, 0.6647664308547974, 0.677657425403595, 0.6860100030899048, 0.690096914768219, 0.6923021674156189, 0.6933749318122864, 0.6953098773956299, 0.6975337862968445, 0.6993996500968933, 0.7012622952461243, 0.7031129002571106, 0.7045406699180603, 0.7052913308143616, 0.7056728005409241, 0.7057408094406128, 0.7062366008758545, 0.7069065570831299, 0.7077382802963257, 0.7085283994674683, 0.7088273167610168, 0.7094898223876953, 0.7097377777099609, 0.7105685472488403, 0.7110187411308289, 0.7116928100585938], "val_loss": [0.007309217471629381, 0.0057556102983653545, 0.005273646675050259, 0.004514159634709358, 0.0038119107484817505, 0.0034545790404081345, 0.003365321783348918, 0.0032491718884557486, 0.003074190579354763, 0.0029836061876267195, 0.0027925660833716393, 0.0027244712691754103, 0.002629682421684265, 0.0025576590560376644, 0.002518176333978772, 0.002480587223544717, 0.00248222635127604, 0.002425911370664835, 0.0023159838747233152, 0.002284787129610777, 0.0022884809877723455, 0.002220613183453679, 0.0021924772299826145, 0.0021243682131171227, 0.0021954658441245556, 0.0021902460139244795, 0.0021991862449795008, 0.0021247323602437973, 0.0023037567734718323, 0.002209709957242012], "val_accuracy": [0.6310334801673889, 0.6893351078033447, 0.7395085692405701, 0.6678934693336487, 0.6282495856285095, 0.6751177906990051, 0.7318028807640076, 0.8238097429275513, 0.8477586507797241, 0.8516386151313782, 0.8547729849815369, 0.8514227271080017, 0.8424171209335327, 0.8241249918937683, 0.8233141303062439, 0.8008936047554016, 0.7938686013221741, 0.7689822316169739, 0.7827403545379639, 0.8042030334472656, 0.7327792644500732, 0.7322099804878235, 0.7159848809242249, 0.7225058674812317, 0.717445969581604, 0.7114217281341553, 0.7050554752349854, 0.7004194855690002, 0.66776043176651, 0.6740423440933228]}