{"loss": [0.009300652891397476, 0.004616991151124239, 0.0038036638870835304, 0.0032604928128421307, 0.002910120179876685, 0.002608516486361623, 0.002424081554636359, 0.002197025576606393, 0.0020496665965765715, 0.0020191611256450415, 0.0018432314973324537, 0.0017422446981072426, 0.0017318336758762598, 0.0016907540848478675, 0.001566922990605235, 0.0015542886685580015, 0.0015737769426777959, 0.0014345345553010702, 0.0014218075666576624, 0.0013742410810664296, 0.001363979303278029, 0.0013119986979290843, 0.0012931165983900428, 0.0012668413110077381, 0.0012776682851836085, 0.0012162956409156322, 0.0012091118842363358, 0.001203091349452734, 0.0012065693736076355, 0.0011516952654346824], "accuracy": [0.5272199511528015, 0.654091477394104, 0.6727575659751892, 0.6683518290519714, 0.6707402467727661, 0.6719255447387695, 0.6720450520515442, 0.6679892539978027, 0.6705676913261414, 0.671357274055481, 0.6718739867210388, 0.6747599244117737, 0.6776695251464844, 0.6794646382331848, 0.6798529624938965, 0.6767634749412537, 0.6774100661277771, 0.6783868074417114, 0.6758047342300415, 0.6767174601554871, 0.6769883036613464, 0.6762530207633972, 0.6747676134109497, 0.6736816763877869, 0.6731485724449158, 0.6719123721122742, 0.6722313165664673, 0.6719039082527161, 0.6706429719924927, 0.6698352098464966], "val_loss": [0.006782527081668377, 0.0049607171677052975, 0.003857700154185295, 0.005169931333512068, 0.0022707986645400524, 0.0020600587595254183, 0.001985743874683976, 0.0017536759842187166, 0.0017092328052967787, 0.0016700034029781818, 0.0017448108410462737, 0.0016535611357539892, 0.001520576304756105, 0.0015484192408621311, 0.001465905923396349, 0.0015861144056543708, 0.0014803278027102351, 0.0014623303432017565, 0.00139367685187608, 0.0013721123104915023, 0.0013477170141413808, 0.0012759680394083261, 0.0012793374480679631, 0.0012675309553742409, 0.0012720739468932152, 0.0011769609991461039, 0.0012769518652930856, 0.0011971675558015704, 0.0012530568055808544, 0.0012472206726670265], "val_accuracy": [0.5843230485916138, 0.6135586500167847, 0.7116125226020813, 0.6816442012786865, 0.6207971572875977, 0.6371638774871826, 0.5851765871047974, 0.6397737860679626, 0.677218496799469, 0.6687527894973755, 0.69777911901474, 0.6634929180145264, 0.6929759979248047, 0.6992014646530151, 0.7119251489639282, 0.6889942288398743, 0.7014684677124023, 0.705956757068634, 0.706653892993927, 0.7129598259925842, 0.7248319387435913, 0.7097333073616028, 0.7389910817146301, 0.723296582698822, 0.7080519199371338, 0.7220332622528076, 0.7325818538665771, 0.7238538861274719, 0.741868793964386, 0.7442498207092285]}