{"loss": [0.009783285669982433, 0.005165677051991224, 0.0036815498024225235, 0.0030086073093116283, 0.0026833806186914444, 0.0023740404285490513, 0.002196748275309801, 0.0020504812709987164, 0.001942169270478189, 0.0018369776662439108, 0.0017613356467336416, 0.0017045787535607815, 0.00161837472114712, 0.0015593916177749634, 0.001501253223977983, 0.0014871911844238639, 0.001457179430872202, 0.0013899530749768019, 0.0013602891704067588, 0.0013447711244225502, 0.00130651390645653, 0.001289420179091394, 0.0012714564800262451, 0.0012508304789662361, 0.0012433023657649755, 0.0012184686493128538, 0.0012059030123054981, 0.001191969495266676, 0.0011870958842337132, 0.0011795813916251063], "accuracy": [0.5763003826141357, 0.6124656796455383, 0.6675408482551575, 0.6841307282447815, 0.6879008412361145, 0.6940076351165771, 0.7002096772193909, 0.7045623064041138, 0.7056204676628113, 0.7090598940849304, 0.7109323143959045, 0.7116549015045166, 0.7152178287506104, 0.718076229095459, 0.718714714050293, 0.7201510071754456, 0.7222564816474915, 0.7220660448074341, 0.7231485247612, 0.7229270935058594, 0.7248856425285339, 0.723753035068512, 0.725225567817688, 0.725390613079071, 0.7262858748435974, 0.7255198359489441, 0.7256218194961548, 0.7248525023460388, 0.7254437804222107, 0.724020779132843], "val_loss": [0.06868331879377365, 0.003567442297935486, 0.0033616521395742893, 0.003654047381132841, 0.002891222480684519, 0.0027963982429355383, 0.002407134510576725, 0.002222638577222824, 0.002147902734577656, 0.0018910536309704185, 0.0017028506845235825, 0.0016261195996776223, 0.001620897208340466, 0.001567104714922607, 0.001732831820845604, 0.0016305857570841908, 0.0016897591995075345, 0.001808065571822226, 0.0015771951293572783, 0.0014174935640767217, 0.0016323488671332598, 0.00156806455925107, 0.0013151734601706266, 0.0016107804840430617, 0.0013852653792127967, 0.001304005621932447, 0.0013135981280356646, 0.0013897366588935256, 0.0012052047532051802, 0.001131974975578487], "val_accuracy": [0.40291735529899597, 0.6740121841430664, 0.703755795955658, 0.6942220330238342, 0.6921218633651733, 0.7243261933326721, 0.762360692024231, 0.7338749766349792, 0.7683607935905457, 0.7727156281471252, 0.7803979516029358, 0.7870262265205383, 0.8076751828193665, 0.8142130374908447, 0.8596325516700745, 0.8398118019104004, 0.8551836013793945, 0.8651717901229858, 0.8337506055831909, 0.7984367609024048, 0.8506485819816589, 0.8213082551956177, 0.831367552280426, 0.8320255279541016, 0.813578724861145, 0.8287660479545593, 0.8368611931800842, 0.8442184925079346, 0.835788905620575, 0.8321948647499084]}