{"loss": [0.02147066593170166, 0.011059864424169064, 0.009097715839743614, 0.007910194806754589, 0.007184667978435755, 0.006642899010330439, 0.0062078554183244705, 0.005862795282155275, 0.005591175053268671, 0.005387234967201948, 0.005220864433795214, 0.005634775850921869, 0.004996969364583492, 0.004838331136852503, 0.0047431932762265205, 0.00463860435411334, 0.004561376292258501, 0.004483748227357864, 0.004409668035805225, 0.004351302050054073, 0.004268159158527851, 0.004189096856862307, 0.00413178838789463, 0.004078947473317385, 0.004028191324323416, 0.003979526925832033, 0.003933141939342022, 0.003889149986207485, 0.003843688638880849, 0.0038100306410342455], "accuracy": [0.5005373358726501, 0.6041404604911804, 0.6391240954399109, 0.646297812461853, 0.6525455713272095, 0.6606295108795166, 0.6684392094612122, 0.6758798956871033, 0.6798487901687622, 0.6809919476509094, 0.6845849752426147, 0.6814731359481812, 0.6884477734565735, 0.6858011484146118, 0.6854316592216492, 0.6848170757293701, 0.6834983825683594, 0.6831792593002319, 0.6815363764762878, 0.6811333894729614, 0.6819190979003906, 0.6810240149497986, 0.6824439167976379, 0.6817224025726318, 0.6826151013374329, 0.6817997097969055, 0.6825467944145203, 0.6821221709251404, 0.6848058700561523, 0.6841466426849365], "val_loss": [0.01099872775375843, 0.008334886282682419, 0.008770822547376156, 0.007919182069599628, 0.007021305151283741, 0.006388264242559671, 0.005801287945359945, 0.005629318300634623, 0.00575912045314908, 0.0054358490742743015, 0.005467528477311134, 0.004850953817367554, 0.004922462627291679, 0.005031193606555462, 0.005005972925573587, 0.004946747329086065, 0.004796194843947887, 0.0048195538111031055, 0.004807190038263798, 0.00477381469681859, 0.004533948376774788, 0.004560788162052631, 0.00460722204297781, 0.004522150848060846, 0.004508053418248892, 0.004681522957980633, 0.004632293712347746, 0.004556423518806696, 0.004450432024896145, 0.004372859839349985], "val_accuracy": [0.5019779205322266, 0.5993583798408508, 0.6051159501075745, 0.6120966076850891, 0.586257815361023, 0.6362019777297974, 0.61494380235672, 0.6077212691307068, 0.596468985080719, 0.6005100011825562, 0.6223509311676025, 0.6608815789222717, 0.5970333218574524, 0.6072043180465698, 0.7096232175827026, 0.6337800025939941, 0.6369957327842712, 0.6267270445823669, 0.6866704821586609, 0.6741554737091064, 0.653163731098175, 0.6946357488632202, 0.7047271728515625, 0.7119730114936829, 0.7379763126373291, 0.7148725986480713, 0.7470225691795349, 0.7032301425933838, 0.740039587020874, 0.7310778498649597]}