{"loss": [0.010366538539528847, 0.005116685759276152, 0.0036457087844610214, 0.002807012991979718, 0.002523454139009118, 0.0021643037907779217], "accuracy": [0.5188220739364624, 0.5944591164588928, 0.6056708693504333, 0.6428707838058472, 0.6557051539421082, 0.6638632416725159], "val_loss": [0.00474207941442728, 0.004672220442444086, 0.002996067050844431, 0.002775751519948244, 0.0023296712897717953, 0.0018180985935032368], "val_accuracy": [0.576129138469696, 0.7345951199531555, 0.7501723170280457, 0.8084090352058411, 0.8298860788345337, 0.8568359613418579]}