{"loss": [0.020282506942749023, 0.011822420172393322, 0.009971624240279198, 0.008921519853174686, 0.008099962957203388, 0.007535950280725956, 0.007132033351808786, 0.006815090775489807, 0.006553060375154018, 0.006333533208817244, 0.006145230028778315, 0.005990821868181229, 0.005855152849107981, 0.0057286834344267845, 0.005615755915641785, 0.005531132686883211, 0.005453807767480612, 0.005379070993512869, 0.005313483066856861, 0.005226979963481426, 0.005163742695003748, 0.005096531473100185, 0.005036523565649986, 0.004977071657776833, 0.0049254074692726135, 0.004870105534791946, 0.004833422601222992, 0.004776737652719021, 0.004733607638627291, 0.004707407206296921], "accuracy": [0.5053579807281494, 0.5861650109291077, 0.6145153045654297, 0.6246340870857239, 0.6332481503486633, 0.639604926109314, 0.6445074677467346, 0.6470256447792053, 0.649476170539856, 0.6523824334144592, 0.6548776626586914, 0.6568354964256287, 0.6587131023406982, 0.659946084022522, 0.6609368920326233, 0.6610753536224365, 0.6618872284889221, 0.6607411503791809, 0.6604346036911011, 0.659197211265564, 0.6589453816413879, 0.660346508026123, 0.6608032584190369, 0.6599419116973877, 0.6587809920310974, 0.6575971841812134, 0.6573305726051331, 0.6562970876693726, 0.6557647585868835, 0.6545416116714478], "val_loss": [0.013176965527236462, 0.01059535052627325, 0.013436214998364449, 0.009340831078588963, 0.008722449652850628, 0.007724486291408539, 0.006642244290560484, 0.0065561337396502495, 0.00633255485445261, 0.0063297199085354805, 0.006277518346905708, 0.006155814975500107, 0.005958516150712967, 0.00567320641130209, 0.005541842430830002, 0.005644585471600294, 0.005816785153001547, 0.005359539296478033, 0.005306405480951071, 0.005166003946214914, 0.005078007001429796, 0.005010928027331829, 0.005008507054299116, 0.004934378433972597, 0.00498835276812315, 0.0049418616108596325, 0.005034696776419878, 0.004855704493820667, 0.0049443962052464485, 0.004814440384507179], "val_accuracy": [0.5245240926742554, 0.5416615605354309, 0.5620065927505493, 0.5671095848083496, 0.598902702331543, 0.6078759431838989, 0.6046687364578247, 0.5780732035636902, 0.5839155316352844, 0.5921350717544556, 0.5867666602134705, 0.6101980805397034, 0.6170665621757507, 0.6205326318740845, 0.6160217523574829, 0.643760085105896, 0.6484507322311401, 0.6042478084564209, 0.5896391868591309, 0.5854819416999817, 0.5656655430793762, 0.577528178691864, 0.5785031914710999, 0.5704740285873413, 0.5720981955528259, 0.5729366540908813, 0.5966787934303284, 0.5736666321754456, 0.5993691086769104, 0.5791768431663513]}