{"loss": [0.007086711935698986, 0.0033046132884919643, 0.0024780987296253443, 0.002420964650809765, 0.0019334937678650022, 0.0016299120616167784, 0.0014756248565390706, 0.0013488996773958206, 0.001252874732017517, 0.0011593486415222287, 0.0011066460283473134, 0.0010478689800947905, 0.0010108809219673276, 0.0009569372050464153, 0.0009260887163691223, 0.0008857120992615819, 0.0008725989609956741, 0.000830055505502969, 0.0008053666679188609, 0.0007804740453138947, 0.0007454266306012869, 0.0007159017841331661, 0.0006840095738880336, 0.0006699130171909928, 0.0006656615296378732, 0.0006755658541806042, 0.0006270129815675318, 0.0006120226462371647, 0.0005991882062517107, 0.0005913380882702768], "accuracy": [0.615343451499939, 0.6722977757453918, 0.6762809753417969, 0.6737422347068787, 0.6853345632553101, 0.6915435194969177, 0.6901233196258545, 0.6911277174949646, 0.6923747658729553, 0.693425714969635, 0.6925971508026123, 0.6942669749259949, 0.6942983269691467, 0.6954132914543152, 0.6966894268989563, 0.6979819536209106, 0.7036289572715759, 0.7038450241088867, 0.7050623893737793, 0.7057667970657349, 0.7048430442810059, 0.7067131400108337, 0.7077935338020325, 0.7115222215652466, 0.7135882377624512, 0.7129489183425903, 0.717613697052002, 0.7184367775917053, 0.7195801734924316, 0.7209987640380859], "val_loss": [0.005682248156517744, 0.002583735389634967, 0.0020450446754693985, 0.0017040966777130961, 0.001459951396100223, 0.0013827452203258872, 0.0012831822969019413, 0.001360456575639546, 0.001453365315683186, 0.0013290693750604987, 0.0013165795244276524, 0.0012687487760558724, 0.0013915214221924543, 0.0010813461849465966, 0.0010956359328702092, 0.0010054991580545902, 0.0009186392999254167, 0.0010758051648736, 0.0009273082832805812, 0.0008464214042760432, 0.000750018865801394, 0.0007461588829755783, 0.0009659732459113002, 0.0008264699135906994, 0.0009301393292844296, 0.0007919252966530621, 0.000683470512740314, 0.0007159790839068592, 0.0007465142989531159, 0.0007411111146211624], "val_accuracy": [0.7811334133148193, 0.8360511064529419, 0.8600839376449585, 0.8405530452728271, 0.8187577128410339, 0.7662677764892578, 0.6775606274604797, 0.6094977259635925, 0.7352050542831421, 0.6012408137321472, 0.6427015662193298, 0.5838398933410645, 0.826850950717926, 0.5784078240394592, 0.6798659563064575, 0.6352409720420837, 0.7046347260475159, 0.5798963308334351, 0.6333181262016296, 0.5762937664985657, 0.6271361112594604, 0.7154532074928284, 0.711028516292572, 0.6308093070983887, 0.591360330581665, 0.6742168068885803, 0.6387961506843567, 0.6635116338729858, 0.6582146286964417, 0.6622217893600464]}