{"loss": [0.012930319644510746, 0.006303935311734676, 0.005040330812335014, 0.004325754940509796, 0.003887652885168791, 0.003535493742674589, 0.0032836191821843386, 0.003090072423219681, 0.0029373029246926308, 0.0028093724977225065, 0.0026904719416052103, 0.0025930646806955338, 0.0025021550245583057, 0.0024291295558214188, 0.0023608722258359194, 0.002301320666447282, 0.0022490094415843487, 0.0021953678224235773, 0.0021600653417408466, 0.0021194014698266983, 0.002081526443362236, 0.0020671121310442686, 0.0020201602019369602, 0.001991933211684227, 0.001969226635992527, 0.0019338477868586779, 0.0019078096374869347, 0.001887209713459015, 0.0018686078255996108, 0.0018330622697249055], "accuracy": [0.5403558611869812, 0.6292785406112671, 0.6517465114593506, 0.689457356929779, 0.7001463770866394, 0.7005053758621216, 0.7021998167037964, 0.7038653492927551, 0.7049193382263184, 0.704997718334198, 0.7060813307762146, 0.7069622278213501, 0.706695556640625, 0.706813395023346, 0.7072015404701233, 0.7079567313194275, 0.7076607346534729, 0.7078331112861633, 0.7073867917060852, 0.7071464657783508, 0.7080991864204407, 0.7076666951179504, 0.7075074315071106, 0.7073585391044617, 0.7080158591270447, 0.7073358297348022, 0.7078666090965271, 0.7070543766021729, 0.7055715322494507, 0.7025657892227173], "val_loss": [0.007242308929562569, 0.005599886178970337, 0.003914251457899809, 0.0034402180463075638, 0.003129776567220688, 0.002915254095569253, 0.002840883331373334, 0.0027259320486336946, 0.0027119216974824667, 0.002581890905275941, 0.002488504396751523, 0.0024140160530805588, 0.002340840408578515, 0.0023766481317579746, 0.0022528809495270252, 0.0023262298200279474, 0.002344097476452589, 0.0022591440938413143, 0.0023246589116752148, 0.0021028495393693447, 0.0021090591326355934, 0.002207400044426322, 0.0020508496090769768, 0.002137443982064724, 0.0020349484402686357, 0.0020095165818929672, 0.0020450660958886147, 0.0018754707416519523, 0.0019273650832474232, 0.0019287591567263007], "val_accuracy": [0.5873231887817383, 0.6073161363601685, 0.6746411323547363, 0.7493638396263123, 0.7555069327354431, 0.7042416334152222, 0.6380277276039124, 0.6017426252365112, 0.5835027694702148, 0.5981414318084717, 0.6306139826774597, 0.6529066562652588, 0.64296954870224, 0.6630545258522034, 0.6946050524711609, 0.6308243870735168, 0.6465325355529785, 0.6654863953590393, 0.7319079041481018, 0.7068037390708923, 0.7107133269309998, 0.7152902483940125, 0.7301087379455566, 0.7264291048049927, 0.694042980670929, 0.7119394540786743, 0.6944693922996521, 0.6669448018074036, 0.6918759942054749, 0.6944876313209534]}